order_id,order_date,customer_id,book_id,price,status_id,status_value,status_date
1,2022-09-05 23:04:39,509,,,1,Order Received,2022-09-06 06:52:21
2,2024-07-20 07:23:35,709,,,1,Order Received,2024-07-20 10:40:47
3,2024-02-29 17:52:16,821,,,1,Order Received,2024-02-29 22:55:12
4,2023-12-11 22:07:06,995,,,1,Order Received,2023-12-12 01:30:08
5,2023-04-13 08:30:42,1134,,,1,Order Received,2023-04-13 10:17:06
6,2024-08-14 23:45:46,1141,,,1,Order Received,2024-08-15 10:28:42
7,2023-02-03 03:59:37,1771,,,1,Order Received,2023-02-03 04:15:03
8,2023-12-05 19:06:49,818,,,1,Order Received,2023-12-06 00:15:14
9,2023-08-14 04:19:26,929,,,1,Order Received,2023-08-14 05:15:14
10,2022-03-02 19:14:03,1606,,,1,Order Received,2022-03-02 20:27:47
11,2024-05-30 03:38:22,344,,,1,Order Received,2024-05-30 06:59:38
12,2023-02-12 05:08:39,1267,,,1,Order Received,2023-02-12 06:13:50
13,2023-04-18 06:05:19,1283,,,1,Order Received,2023-04-18 13:27:25
14,2023-05-05 10:29:31,1861,,,1,Order Received,2023-05-05 20:04:28
15,2022-08-19 13:39:11,160,7320.0,8.01,1,Order Received,2022-08-19 15:27:37
16,2023-09-25 10:05:11,287,,,1,Order Received,2023-09-25 14:22:32
17,2024-01-13 09:52:01,985,,,1,Order Received,2024-01-13 13:53:28
18,2022-11-07 13:48:03,1290,,,1,Order Received,2022-11-07 21:03:15
19,2024-08-28 18:30:49,1790,,,1,Order Received,2024-08-28 18:42:31
20,2024-09-03 00:39:27,37,1391.0,0.06,1,Order Received,2024-09-03 03:52:19
21,2023-09-02 02:58:32,1689,,,1,Order Received,2023-09-02 06:27:47
22,2022-06-10 15:43:13,1893,,,1,Order Received,2022-06-10 23:30:52
23,2023-02-21 21:00:34,554,,,1,Order Received,2023-02-22 01:31:07
24,2023-07-16 06:47:56,1140,,,1,Order Received,2023-07-16 17:57:43
25,2024-09-26 01:11:50,1523,,,1,Order Received,2024-09-26 07:29:08
26,2022-12-18 22:39:43,1702,,,1,Order Received,2022-12-19 08:36:50
27,2023-06-27 00:54:15,1478,,,1,Order Received,2023-06-27 07:47:59
28,2022-05-03 18:19:27,597,,,1,Order Received,2022-05-03 22:56:47
29,2022-10-28 17:07:44,1227,,,1,Order Received,2022-10-28 19:33:14
30,2024-06-04 05:38:04,251,3387.0,0.77,1,Order Received,2024-06-04 15:53:31
31,2023-06-19 13:59:52,1497,,,1,Order Received,2023-06-19 22:00:38
32,2023-10-19 12:21:05,1173,,,1,Order Received,2023-10-19 21:38:35
33,2023-10-17 01:48:05,1430,,,1,Order Received,2023-10-17 12:13:16
34,2023-08-29 08:09:56,1526,,,1,Order Received,2023-08-29 08:23:22
35,2024-03-07 08:02:25,1609,,,1,Order Received,2024-03-07 13:54:02
36,2023-04-29 20:22:46,1963,,,1,Order Received,2023-04-30 01:00:33
37,2023-05-08 15:57:08,215,3666.0,15.51,1,Order Received,2023-05-08 21:31:15
38,2022-07-07 12:46:46,315,,,1,Order Received,2022-07-07 14:43:58
39,2024-05-30 16:20:40,569,,,1,Order Received,2024-05-30 21:24:19
40,2023-01-07 16:38:02,726,,,1,Order Received,2023-01-08 00:04:42
41,2024-06-06 14:02:52,538,,,1,Order Received,2024-06-07 00:05:15
42,2024-11-01 10:18:29,884,,,1,Order Received,2024-11-01 14:10:25
43,2022-10-24 10:31:42,1382,,,1,Order Received,2022-10-24 11:44:13
44,2022-09-13 00:22:07,1638,,,1,Order Received,2022-09-13 06:48:57
45,2023-10-06 21:21:13,518,,,1,Order Received,2023-10-07 01:57:49
46,2024-01-11 07:30:09,704,,,1,Order Received,2024-01-11 11:12:39
47,2022-06-17 11:28:21,719,,,1,Order Received,2022-06-17 16:11:02
48,2023-04-06 19:33:23,1743,,,1,Order Received,2023-04-06 19:59:20
49,2022-08-28 17:25:29,1916,,,1,Order Received,2022-08-28 17:27:11
50,2024-11-30 00:09:56,546,,,1,Order Received,2024-11-30 11:00:37
51,2022-04-11 03:25:29,1724,,,1,Order Received,2022-04-11 09:33:49
52,2023-10-11 04:41:15,1741,,,1,Order Received,2023-10-11 14:50:51
53,2025-01-25 23:20:25,289,,,1,Order Received,2025-01-26 07:43:26
54,2024-03-02 06:23:00,1836,,,1,Order Received,2024-03-02 17:49:16
55,2022-05-07 20:19:36,474,,,1,Order Received,2022-05-08 04:21:55
56,2022-11-22 05:51:44,889,,,1,Order Received,2022-11-22 11:44:29
57,2022-08-08 13:32:34,1005,,,1,Order Received,2022-08-08 18:49:25
58,2024-03-17 01:39:33,96,9197.0,5.99,1,Order Received,2024-03-17 10:25:31
59,2024-05-05 18:44:31,150,9096.0,19.72,1,Order Received,2024-05-05 22:43:51
60,2024-06-20 18:16:00,1319,,,1,Order Received,2024-06-20 23:54:46
61,2022-08-21 23:29:46,1777,,,1,Order Received,2022-08-22 03:45:36
62,2022-09-10 07:07:37,33,9848.0,2.68,1,Order Received,2022-09-10 11:30:31
63,2022-03-10 09:03:09,56,3151.0,5.88,1,Order Received,2022-03-10 18:10:08
64,2024-02-20 00:57:23,932,,,1,Order Received,2024-02-20 09:23:38
65,2023-09-19 21:48:10,1585,,,1,Order Received,2023-09-20 00:38:28
66,2022-03-14 10:44:55,1910,,,1,Order Received,2022-03-14 11:37:39
67,2024-02-10 21:06:03,1332,,,1,Order Received,2024-02-11 04:58:52
68,2023-02-21 05:17:02,88,9226.0,9.27,1,Order Received,2023-02-21 06:02:54
69,2023-06-16 19:35:18,179,9773.0,6.27,1,Order Received,2023-06-16 23:46:13
70,2023-03-22 01:43:44,815,,,1,Order Received,2023-03-22 08:20:43
71,2024-11-07 13:39:26,1202,,,1,Order Received,2024-11-07 22:11:35
72,2025-01-15 17:01:53,1504,,,1,Order Received,2025-01-16 03:51:41
73,2022-12-07 21:47:08,1601,,,1,Order Received,2022-12-08 02:19:41
74,2023-02-27 09:44:53,1934,,,1,Order Received,2023-02-27 11:58:17
75,2022-05-20 02:14:51,228,6728.0,17.66,1,Order Received,2022-05-20 11:44:11
76,2023-08-16 16:04:29,264,7409.0,7.16,1,Order Received,2023-08-16 20:50:59
77,2024-03-21 10:17:46,1450,,,1,Order Received,2024-03-21 17:42:17
78,2024-05-15 16:03:29,411,,,1,Order Received,2024-05-16 02:46:35
79,2024-11-16 09:32:38,1307,,,1,Order Received,2024-11-16 16:54:34
80,2024-02-18 01:54:57,1451,,,1,Order Received,2024-02-18 06:35:21
81,2023-05-27 11:36:34,7,5699.0,0.37,1,Order Received,2023-05-27 12:52:44
82,2022-03-29 00:26:21,572,,,1,Order Received,2022-03-29 04:45:59
83,2024-09-18 12:57:57,866,,,1,Order Received,2024-09-18 18:47:39
84,2022-04-08 15:30:13,1355,,,1,Order Received,2022-04-08 19:39:50
85,2022-06-07 22:58:37,1705,,,1,Order Received,2022-06-08 02:17:38
86,2023-08-12 22:08:12,1914,,,1,Order Received,2023-08-13 02:14:25
87,2023-07-24 10:54:18,329,,,1,Order Received,2023-07-24 21:28:22
88,2023-12-02 21:04:08,506,,,1,Order Received,2023-12-03 01:35:47
89,2022-03-30 03:16:09,770,,,1,Order Received,2022-03-30 06:12:16
90,2023-02-08 05:35:52,341,,,1,Order Received,2023-02-08 06:41:27
91,2024-08-12 18:02:18,1068,,,1,Order Received,2024-08-13 02:41:55
92,2024-07-21 17:27:13,562,,,1,Order Received,2024-07-21 21:28:32
93,2024-10-22 14:22:39,924,,,1,Order Received,2024-10-22 20:30:25
94,2024-03-09 09:11:29,1277,,,1,Order Received,2024-03-09 15:46:21
95,2025-01-25 10:20:32,1472,,,1,Order Received,2025-01-25 12:51:37
96,2023-06-09 06:53:05,1750,,,1,Order Received,2023-06-09 11:43:52
97,2023-06-19 02:50:08,717,,,1,Order Received,2023-06-19 07:30:48
98,2023-09-04 05:01:06,826,,,1,Order Received,2023-09-04 13:52:08
99,2024-06-11 10:55:54,1700,,,1,Order Received,2024-06-11 17:09:03
100,2022-03-09 07:38:21,511,,,1,Order Received,2022-03-09 12:11:02
101,2023-04-19 11:51:44,534,,,1,Order Received,2023-04-19 15:55:44
102,2022-10-15 01:43:59,1671,,,1,Order Received,2022-10-15 08:25:54
103,2024-01-25 11:16:29,258,10698.0,10.3,1,Order Received,2024-01-25 20:34:05
104,2022-12-29 19:43:22,1028,,,1,Order Received,2022-12-29 22:05:36
105,2024-01-30 22:22:02,1260,,,1,Order Received,2024-01-31 06:20:27
106,2024-05-29 20:34:34,1704,,,1,Order Received,2024-05-30 05:19:55
107,2023-11-11 10:44:34,340,,,1,Order Received,2023-11-11 18:36:05
108,2022-06-22 08:01:50,822,,,1,Order Received,2022-06-22 09:03:22
109,2025-01-05 21:00:05,1268,,,1,Order Received,2025-01-06 02:33:13
110,2022-11-09 03:51:09,1568,,,1,Order Received,2022-11-09 04:32:12
111,2024-11-25 17:17:29,1787,,,1,Order Received,2024-11-26 04:03:23
112,2023-04-07 18:58:10,271,2676.0,8.92,1,Order Received,2023-04-07 22:44:31
113,2024-09-15 01:53:57,420,,,1,Order Received,2024-09-15 12:28:02
114,2024-11-04 22:27:56,1000,,,1,Order Received,2024-11-05 03:59:17
115,2023-07-08 14:51:13,1366,,,1,Order Received,2023-07-08 22:45:45
116,2023-12-31 21:08:06,1831,,,1,Order Received,2024-01-01 08:06:41
117,2024-02-21 16:59:03,43,10140.0,17.65,1,Order Received,2024-02-22 00:08:24
118,2022-06-30 01:35:28,489,,,1,Order Received,2022-06-30 04:26:30
119,2022-11-24 10:28:43,935,,,1,Order Received,2022-11-24 15:15:48
120,2024-05-27 05:52:39,1299,,,1,Order Received,2024-05-27 09:14:58
121,2022-05-23 06:28:00,1742,,,1,Order Received,2022-05-23 08:58:23
122,2024-07-28 11:04:31,1897,,,1,Order Received,2024-07-28 13:29:28
123,2024-03-11 21:20:01,1134,,,1,Order Received,2024-03-12 01:53:37
124,2024-04-28 06:45:52,1689,,,1,Order Received,2024-04-28 10:19:01
125,2024-03-16 21:37:42,1762,,,1,Order Received,2024-03-17 01:42:42
126,2023-11-01 03:09:38,81,10403.0,10.23,1,Order Received,2023-11-01 12:55:11
127,2023-10-04 22:30:00,1213,,,1,Order Received,2023-10-04 23:02:45
128,2022-09-19 04:09:35,1929,,,1,Order Received,2022-09-19 13:36:40
129,2024-07-25 09:38:24,1996,,,1,Order Received,2024-07-25 19:15:34
130,2024-02-07 14:49:30,337,,,1,Order Received,2024-02-07 22:34:06
131,2022-09-01 16:01:07,832,,,1,Order Received,2022-09-02 01:52:37
132,2023-07-22 16:02:03,170,6395.0,11.51,1,Order Received,2023-07-22 18:05:47
133,2023-05-05 05:35:01,171,8325.0,2.89,1,Order Received,2023-05-05 10:19:12
134,2023-04-08 22:53:05,482,,,1,Order Received,2023-04-09 04:22:46
135,2023-11-01 13:39:49,491,,,1,Order Received,2023-11-01 14:55:42
136,2023-03-28 18:44:54,670,,,1,Order Received,2023-03-28 20:35:15
137,2024-10-21 06:20:58,977,,,1,Order Received,2024-10-21 11:45:07
138,2023-12-23 13:00:28,1414,,,1,Order Received,2023-12-23 22:30:08
139,2024-02-07 11:06:30,1651,,,1,Order Received,2024-02-07 18:22:25
140,2024-12-15 11:05:39,1824,,,1,Order Received,2024-12-15 18:56:12
141,2025-01-24 03:55:02,459,,,1,Order Received,2025-01-24 09:20:06
142,2022-06-10 11:41:01,677,,,1,Order Received,2022-06-10 15:14:41
143,2022-07-23 07:50:06,1121,,,1,Order Received,2022-07-23 09:23:16
144,2024-06-04 08:49:11,1467,,,1,Order Received,2024-06-04 17:53:59
145,2022-11-15 14:09:38,1555,,,1,Order Received,2022-11-15 18:54:09
146,2024-07-20 10:46:45,1622,,,1,Order Received,2024-07-20 19:14:57
147,2022-06-06 18:27:36,1940,,,1,Order Received,2022-06-06 22:35:05
148,2023-12-29 02:50:03,215,9892.0,2.38,1,Order Received,2023-12-29 10:02:51
149,2024-10-12 20:48:43,490,,,1,Order Received,2024-10-13 08:30:19
150,2022-10-01 23:01:22,917,,,1,Order Received,2022-10-01 23:50:56
151,2025-01-03 23:13:42,948,,,1,Order Received,2025-01-04 04:16:46
152,2023-04-02 07:14:12,356,,,1,Order Received,2023-04-02 18:00:50
153,2023-06-15 13:32:44,860,,,1,Order Received,2023-06-15 16:16:43
154,2022-03-02 13:20:22,1669,,,1,Order Received,2022-03-02 18:40:24
155,2022-11-14 00:38:35,761,,,1,Order Received,2022-11-14 07:06:47
156,2023-10-23 01:16:07,821,,,1,Order Received,2023-10-23 05:37:04
157,2023-05-05 07:25:12,941,,,1,Order Received,2023-05-05 09:45:19
158,2023-12-29 22:39:59,1676,,,1,Order Received,2023-12-30 09:17:44
159,2022-08-17 16:59:00,278,,,1,Order Received,2022-08-18 03:07:24
160,2023-10-03 11:47:26,477,,,1,Order Received,2023-10-03 18:36:11
161,2024-07-01 12:16:20,669,,,1,Order Received,2024-07-01 15:54:56
162,2022-07-04 20:09:53,805,,,1,Order Received,2022-07-05 05:56:38
163,2022-12-02 21:46:56,1142,,,1,Order Received,2022-12-02 23:44:55
164,2024-09-22 05:28:55,1215,,,1,Order Received,2024-09-22 09:58:33
165,2022-04-28 17:13:11,1392,,,1,Order Received,2022-04-28 21:47:27
166,2023-05-22 02:56:25,1649,,,1,Order Received,2023-05-22 12:18:49
167,2023-03-30 09:59:28,742,,,1,Order Received,2023-03-30 19:08:42
168,2022-12-03 08:28:15,813,,,1,Order Received,2022-12-03 14:07:15
169,2024-02-16 12:07:50,298,,,1,Order Received,2024-02-16 12:55:07
170,2022-12-04 23:20:47,1928,,,1,Order Received,2022-12-05 10:20:11
171,2022-03-31 11:30:47,280,,,1,Order Received,2022-03-31 16:05:56
172,2023-02-14 21:43:57,295,,,1,Order Received,2023-02-14 23:41:32
173,2024-12-05 10:24:17,780,,,1,Order Received,2024-12-05 18:26:45
174,2024-05-11 15:12:06,1442,,,1,Order Received,2024-05-12 01:31:43
175,2024-04-12 16:17:26,1559,,,1,Order Received,2024-04-12 19:48:07
176,2024-11-23 17:48:32,74,4035.0,3.99,1,Order Received,2024-11-24 04:23:08
177,2022-04-30 12:51:35,181,9985.0,17.68,1,Order Received,2022-04-30 19:12:30
178,2024-12-09 01:09:26,717,,,1,Order Received,2024-12-09 01:10:16
179,2022-09-16 15:21:21,754,,,1,Order Received,2022-09-16 20:22:46
180,2022-10-21 06:26:55,1443,,,1,Order Received,2022-10-21 07:31:32
181,2023-09-08 21:25:30,1481,,,1,Order Received,2023-09-08 23:44:18
182,2024-08-17 02:08:28,1784,,,1,Order Received,2024-08-17 10:28:37
183,2022-07-16 04:57:31,93,6379.0,2.02,1,Order Received,2022-07-16 15:41:55
184,2022-05-13 16:02:49,1046,,,1,Order Received,2022-05-13 20:44:23
185,2022-11-13 09:22:15,1824,,,1,Order Received,2022-11-13 12:36:54
186,2024-12-29 22:43:27,1930,,,1,Order Received,2024-12-30 00:52:01
187,2024-12-10 00:31:30,1969,,,1,Order Received,2024-12-10 01:30:24
188,2022-09-25 10:33:37,193,7692.0,10.01,1,Order Received,2022-09-25 21:02:26
189,2023-03-28 17:01:37,429,,,1,Order Received,2023-03-28 18:28:58
190,2022-09-20 01:34:14,726,,,1,Order Received,2022-09-20 13:24:35
191,2023-04-21 09:42:04,346,,,1,Order Received,2023-04-21 16:31:47
192,2024-01-31 15:17:36,381,,,1,Order Received,2024-02-01 01:55:07
193,2024-09-02 00:21:56,904,,,1,Order Received,2024-09-02 09:00:22
194,2022-10-19 02:24:34,1715,,,1,Order Received,2022-10-19 13:44:13
195,2023-11-29 07:35:34,223,8029.0,0.06,1,Order Received,2023-11-29 14:18:32
196,2022-12-02 15:40:47,590,,,1,Order Received,2022-12-03 03:16:41
197,2024-01-29 02:41:10,1021,,,1,Order Received,2024-01-29 04:31:46
198,2024-12-25 19:01:27,775,,,1,Order Received,2024-12-26 05:26:43
199,2022-11-01 14:23:09,1211,,,1,Order Received,2022-11-02 00:57:44
200,2024-10-12 19:13:01,1746,,,1,Order Received,2024-10-13 04:50:09
201,2024-03-01 08:45:09,129,86.0,5.35,1,Order Received,2024-03-01 13:07:02
202,2024-11-22 06:27:01,841,,,1,Order Received,2024-11-22 11:25:04
203,2023-04-18 08:53:04,1428,,,1,Order Received,2023-04-18 20:37:39
204,2022-05-06 03:51:26,302,,,1,Order Received,2022-05-06 11:40:14
205,2024-08-31 06:25:49,1310,,,1,Order Received,2024-08-31 10:16:04
206,2023-05-18 04:33:47,113,2611.0,1.1,1,Order Received,2023-05-18 12:18:37
207,2022-12-10 17:55:44,376,,,1,Order Received,2022-12-10 21:09:09
208,2023-04-24 00:41:03,247,5026.0,13.13,1,Order Received,2023-04-24 05:33:39
209,2022-03-17 08:44:41,252,4464.0,12.36,1,Order Received,2022-03-17 11:27:28
210,2024-12-07 05:05:53,778,,,1,Order Received,2024-12-07 16:02:01
211,2023-09-14 07:15:49,1558,,,1,Order Received,2023-09-14 17:48:07
212,2023-09-23 09:13:47,1009,,,1,Order Received,2023-09-23 17:06:55
213,2023-04-18 03:05:49,554,,,1,Order Received,2023-04-18 10:54:33
214,2023-10-31 12:52:39,1194,,,1,Order Received,2023-10-31 16:16:58
215,2022-12-16 13:54:23,163,4158.0,4.43,1,Order Received,2022-12-16 19:29:44
216,2022-07-06 17:25:45,412,,,1,Order Received,2022-07-06 23:09:33
217,2024-11-24 03:06:07,779,,,1,Order Received,2024-11-24 14:59:04
218,2023-04-11 11:10:39,1949,,,1,Order Received,2023-04-11 17:24:00
219,2024-12-08 05:33:36,75,2531.0,4.33,1,Order Received,2024-12-08 13:01:30
220,2023-02-19 18:08:44,103,9203.0,16.83,1,Order Received,2023-02-20 00:48:13
221,2024-12-12 19:49:45,510,,,1,Order Received,2024-12-13 06:43:29
222,2024-08-16 10:32:45,681,,,1,Order Received,2024-08-16 21:02:57
223,2023-02-20 11:00:52,1044,,,1,Order Received,2023-02-20 18:50:40
224,2024-10-16 07:28:00,1234,,,1,Order Received,2024-10-16 15:06:26
225,2024-08-12 07:50:23,1314,,,1,Order Received,2024-08-12 10:33:11
226,2024-05-04 22:51:37,1563,,,1,Order Received,2024-05-05 01:30:17
227,2023-10-09 16:53:33,1917,,,1,Order Received,2023-10-09 21:58:30
228,2024-05-19 08:19:03,1923,,,1,Order Received,2024-05-19 13:47:51
229,2023-02-08 19:06:11,571,,,1,Order Received,2023-02-08 19:15:18
230,2023-05-20 13:12:21,1656,,,1,Order Received,2023-05-20 21:31:34
231,2025-02-07 20:05:21,196,1743.0,17.21,1,Order Received,2025-02-08 01:14:05
232,2022-05-19 11:56:43,1255,,,1,Order Received,2022-05-19 12:42:44
233,2024-01-19 11:15:39,1398,,,1,Order Received,2024-01-19 11:39:34
234,2023-05-06 23:33:03,1779,,,1,Order Received,2023-05-07 11:14:34
235,2024-11-24 23:13:24,281,,,1,Order Received,2024-11-25 08:29:16
236,2024-10-25 02:23:23,1635,,,1,Order Received,2024-10-25 13:38:08
237,2024-03-15 17:29:53,1823,,,1,Order Received,2024-03-15 21:56:04
238,2022-05-04 12:03:39,1964,,,1,Order Received,2022-05-04 12:30:20
239,2022-05-21 12:46:44,1971,,,1,Order Received,2022-05-21 13:41:38
240,2025-01-25 03:21:07,437,,,1,Order Received,2025-01-25 06:35:32
241,2024-08-22 09:46:58,851,,,1,Order Received,2024-08-22 11:14:24
242,2022-05-20 00:48:35,899,,,1,Order Received,2022-05-20 10:22:30
243,2022-04-04 12:26:43,1212,,,1,Order Received,2022-04-04 19:54:01
244,2022-03-29 02:16:28,1675,,,1,Order Received,2022-03-29 10:51:14
245,2023-01-10 16:18:39,1857,,,1,Order Received,2023-01-11 00:50:34
246,2023-02-26 14:32:19,504,,,1,Order Received,2023-02-26 19:27:38
247,2024-07-03 22:32:32,1074,,,1,Order Received,2024-07-04 09:33:22
248,2025-01-10 22:33:33,1417,,,1,Order Received,2025-01-11 02:51:46
249,2022-10-22 22:50:57,1692,,,1,Order Received,2022-10-22 23:19:32
250,2023-11-19 04:12:25,1831,,,1,Order Received,2023-11-19 05:40:41
251,2022-04-19 07:23:24,102,5626.0,1.65,1,Order Received,2022-04-19 13:19:00
252,2024-06-28 19:39:11,986,,,1,Order Received,2024-06-28 20:52:24
253,2023-06-28 08:00:14,1389,,,1,Order Received,2023-06-28 08:19:32
254,2023-08-25 12:17:50,1488,,,1,Order Received,2023-08-25 22:14:39
255,2023-09-18 06:43:01,107,9238.0,1.63,1,Order Received,2023-09-18 07:29:14
256,2023-07-08 06:02:58,640,,,1,Order Received,2023-07-08 16:03:37
257,2022-03-07 19:35:30,1120,,,1,Order Received,2022-03-08 07:20:06
258,2022-08-01 18:54:06,1004,,,1,Order Received,2022-08-01 23:35:09
259,2024-04-02 03:54:43,531,,,1,Order Received,2024-04-02 04:06:09
260,2022-05-08 13:18:48,804,,,1,Order Received,2022-05-09 00:12:51
261,2022-03-02 14:50:53,1282,,,1,Order Received,2022-03-02 20:46:51
262,2023-10-23 07:23:56,473,,,1,Order Received,2023-10-23 16:21:35
263,2023-09-04 20:03:03,1040,,,1,Order Received,2023-09-04 23:03:26
264,2024-05-13 15:28:50,1044,,,1,Order Received,2024-05-13 15:37:48
265,2023-09-02 06:46:40,1157,,,1,Order Received,2023-09-02 10:30:23
266,2022-03-22 02:33:17,136,8809.0,12.7,1,Order Received,2022-03-22 08:44:56
267,2024-12-11 00:38:47,335,,,1,Order Received,2024-12-11 08:25:53
268,2023-10-14 02:23:37,619,,,1,Order Received,2023-10-14 10:44:11
269,2022-03-09 04:45:52,1476,,,1,Order Received,2022-03-09 11:07:24
270,2023-03-30 10:05:11,1748,,,1,Order Received,2023-03-30 16:51:08
271,2024-09-28 17:51:52,606,,,1,Order Received,2024-09-28 20:37:05
272,2022-10-06 21:45:03,962,,,1,Order Received,2022-10-07 03:13:14
273,2022-08-14 01:35:22,1562,,,1,Order Received,2022-08-14 08:40:41
274,2022-08-21 15:32:52,1692,,,1,Order Received,2022-08-21 22:34:55
275,2024-05-11 06:12:20,1882,,,1,Order Received,2024-05-11 08:06:36
276,2023-11-23 15:04:55,204,7841.0,18.66,1,Order Received,2023-11-23 15:30:09
277,2023-07-26 03:48:29,339,,,1,Order Received,2023-07-26 12:11:50
278,2024-06-22 21:43:15,1266,,,1,Order Received,2024-06-23 02:24:19
279,2023-10-08 07:31:28,859,,,1,Order Received,2023-10-08 17:46:43
280,2023-02-07 08:35:02,1298,,,1,Order Received,2023-02-07 09:48:09
281,2022-10-31 12:28:46,1515,,,1,Order Received,2022-10-31 23:48:33
282,2023-09-05 04:57:30,1652,,,1,Order Received,2023-09-05 09:57:08
283,2024-03-07 18:59:55,1704,,,1,Order Received,2024-03-07 21:58:44
284,2023-03-07 17:27:10,679,,,1,Order Received,2023-03-08 05:22:20
285,2023-07-29 05:43:02,1296,,,1,Order Received,2023-07-29 08:22:27
286,2025-01-25 12:39:23,1878,,,1,Order Received,2025-01-25 14:10:57
287,2022-12-20 10:07:19,849,,,1,Order Received,2022-12-20 21:46:56
288,2023-07-26 19:30:46,939,,,1,Order Received,2023-07-27 01:14:08
289,2023-11-07 04:44:51,1038,,,1,Order Received,2023-11-07 10:22:52
290,2023-11-05 23:41:27,1119,,,1,Order Received,2023-11-06 10:41:27
291,2024-03-26 12:30:06,832,,,1,Order Received,2024-03-26 14:36:04
292,2022-08-19 13:25:00,1649,,,1,Order Received,2022-08-19 14:54:50
293,2024-09-09 11:30:19,1898,,,1,Order Received,2024-09-09 12:41:35
294,2024-04-03 14:57:21,1945,,,1,Order Received,2024-04-03 16:24:11
295,2024-06-12 01:43:01,149,4024.0,12.78,1,Order Received,2024-06-12 05:23:23
296,2022-12-24 07:07:27,1118,,,1,Order Received,2022-12-24 09:08:47
297,2023-05-18 13:00:38,1261,,,1,Order Received,2023-05-19 00:06:11
298,2023-02-24 04:11:14,1652,,,1,Order Received,2023-02-24 05:35:02
299,2024-03-23 23:33:59,494,,,1,Order Received,2024-03-24 09:16:21
300,2022-10-13 15:10:55,844,,,1,Order Received,2022-10-13 23:31:20
301,2024-08-14 17:27:44,630,,,1,Order Received,2024-08-14 18:02:44
302,2024-07-22 16:14:50,1544,,,1,Order Received,2024-07-22 18:08:36
303,2024-10-22 20:38:27,73,5835.0,2.66,1,Order Received,2024-10-23 04:22:18
304,2024-03-05 19:03:25,1359,,,1,Order Received,2024-03-06 04:01:20
305,2024-11-15 21:25:10,1738,,,1,Order Received,2024-11-16 07:03:14
306,2022-11-08 08:33:41,86,360.0,19.89,1,Order Received,2022-11-08 17:50:15
307,2023-02-13 06:59:43,419,,,1,Order Received,2023-02-13 12:28:23
308,2022-05-17 20:57:47,598,,,1,Order Received,2022-05-18 08:31:25
309,2023-11-09 12:26:43,675,,,1,Order Received,2023-11-09 17:48:55
310,2022-09-10 12:53:54,1711,,,1,Order Received,2022-09-10 17:04:00
311,2023-03-29 02:09:56,1993,,,1,Order Received,2023-03-29 06:53:52
312,2023-02-08 10:09:41,1151,,,1,Order Received,2023-02-08 21:19:01
313,2024-08-25 18:40:55,1490,,,1,Order Received,2024-08-26 00:15:47
314,2022-03-25 12:36:32,1685,,,1,Order Received,2022-03-25 19:02:54
315,2022-04-14 12:32:07,1719,,,1,Order Received,2022-04-14 15:59:21
316,2024-02-16 17:47:38,241,9413.0,18.78,1,Order Received,2024-02-17 03:44:42
317,2022-09-05 22:22:09,410,,,1,Order Received,2022-09-06 01:45:48
318,2023-07-21 13:58:30,1510,,,1,Order Received,2023-07-22 01:05:34
319,2023-03-07 05:18:18,1733,,,1,Order Received,2023-03-07 14:42:40
320,2023-03-23 12:07:21,444,,,1,Order Received,2023-03-23 13:48:02
321,2024-06-07 03:41:07,1143,,,1,Order Received,2024-06-07 07:51:27
322,2023-01-08 22:01:30,1702,,,1,Order Received,2023-01-09 01:51:05
323,2024-04-23 14:24:34,867,,,1,Order Received,2024-04-23 21:01:29
324,2022-07-08 16:39:35,980,,,1,Order Received,2022-07-09 02:15:25
325,2024-10-26 07:57:07,1237,,,1,Order Received,2024-10-26 12:05:31
326,2024-09-22 14:15:11,11,530.0,15.17,1,Order Received,2024-09-22 18:09:45
327,2023-03-30 20:20:39,264,8825.0,17.83,1,Order Received,2023-03-31 03:28:18
328,2022-11-16 07:21:59,342,,,1,Order Received,2022-11-16 19:16:31
329,2023-03-25 17:58:04,642,,,1,Order Received,2023-03-25 20:07:47
330,2024-04-14 00:11:45,1337,,,1,Order Received,2024-04-14 11:16:45
331,2023-02-23 23:06:44,290,,,1,Order Received,2023-02-24 00:02:34
332,2025-01-15 18:28:34,1051,,,1,Order Received,2025-01-16 01:52:46
333,2023-04-16 12:08:13,723,,,1,Order Received,2023-04-16 22:21:43
334,2023-11-26 05:25:13,1501,,,1,Order Received,2023-11-26 10:20:06
335,2024-05-02 06:51:29,64,7717.0,13.83,1,Order Received,2024-05-02 12:45:26
336,2024-01-17 22:37:20,160,310.0,18.76,1,Order Received,2024-01-18 01:22:25
337,2023-08-31 21:12:13,382,,,1,Order Received,2023-09-01 05:15:49
338,2025-01-08 20:22:24,79,6911.0,8.61,1,Order Received,2025-01-09 04:25:09
339,2024-04-08 17:21:47,292,,,1,Order Received,2024-04-08 21:24:46
340,2024-09-19 15:38:31,1105,,,1,Order Received,2024-09-19 23:45:10
341,2025-01-13 10:01:56,393,,,1,Order Received,2025-01-13 14:26:14
342,2024-01-08 14:56:31,789,,,1,Order Received,2024-01-09 00:38:06
343,2022-11-12 14:42:26,936,,,1,Order Received,2022-11-13 01:57:28
344,2025-01-14 14:04:02,734,,,1,Order Received,2025-01-14 17:14:26
345,2022-10-11 04:00:49,1099,,,1,Order Received,2022-10-11 10:07:42
346,2023-03-07 10:45:35,1383,,,1,Order Received,2023-03-07 19:48:50
347,2024-03-22 13:25:02,245,8958.0,18.22,1,Order Received,2024-03-22 16:20:36
348,2022-06-07 03:11:36,261,9485.0,8.74,1,Order Received,2022-06-07 14:39:45
349,2023-12-20 01:01:22,396,,,1,Order Received,2023-12-20 01:35:24
350,2024-04-20 03:47:51,822,,,1,Order Received,2024-04-20 08:13:36
351,2022-10-30 04:03:01,875,,,1,Order Received,2022-10-30 12:29:40
352,2024-10-23 07:52:50,1014,,,1,Order Received,2024-10-23 12:48:50
353,2024-10-09 06:22:56,1984,,,1,Order Received,2024-10-09 17:43:01
354,2024-03-08 15:26:31,473,,,1,Order Received,2024-03-08 21:18:58
355,2022-05-12 09:03:47,845,,,1,Order Received,2022-05-12 16:25:44
356,2022-12-20 22:19:32,1152,,,1,Order Received,2022-12-21 05:31:58
357,2023-12-25 19:43:10,1166,,,1,Order Received,2023-12-25 21:39:28
358,2022-10-01 18:50:39,1482,,,1,Order Received,2022-10-01 18:54:54
359,2023-03-16 01:39:58,355,,,1,Order Received,2023-03-16 08:12:20
360,2024-11-25 19:09:49,1624,,,1,Order Received,2024-11-26 03:38:55
361,2023-02-21 02:13:05,1758,,,1,Order Received,2023-02-21 13:01:29
362,2022-04-30 02:46:23,999,,,1,Order Received,2022-04-30 07:21:03
363,2022-09-27 21:49:45,1045,,,1,Order Received,2022-09-28 00:17:55
364,2022-11-29 18:53:55,1852,,,1,Order Received,2022-11-30 05:30:45
365,2022-06-20 07:43:05,65,8264.0,11.93,1,Order Received,2022-06-20 17:22:47
366,2024-06-16 13:39:29,617,,,1,Order Received,2024-06-16 18:07:28
367,2024-04-27 11:08:48,935,,,1,Order Received,2024-04-27 16:29:40
368,2024-10-12 05:58:07,998,,,1,Order Received,2024-10-12 07:18:29
369,2022-10-02 02:11:10,1007,,,1,Order Received,2022-10-02 04:50:25
370,2025-01-12 00:55:21,1507,,,1,Order Received,2025-01-12 10:10:32
371,2023-09-01 10:57:31,1564,,,1,Order Received,2023-09-01 13:15:39
372,2022-03-05 21:00:47,204,6138.0,19.17,1,Order Received,2022-03-06 04:45:53
373,2024-02-14 01:43:38,1107,,,1,Order Received,2024-02-14 09:34:48
374,2023-07-09 00:48:15,1738,,,1,Order Received,2023-07-09 04:48:45
375,2024-07-20 12:50:18,793,,,1,Order Received,2024-07-20 21:19:19
376,2022-08-18 09:47:44,1984,,,1,Order Received,2022-08-18 16:11:21
377,2024-10-08 11:40:21,558,,,1,Order Received,2024-10-08 18:11:23
378,2022-10-18 02:43:14,1626,,,1,Order Received,2022-10-18 04:07:31
379,2022-12-17 07:44:40,30,3020.0,16.91,1,Order Received,2022-12-17 19:13:01
380,2022-11-18 15:45:50,404,,,1,Order Received,2022-11-18 20:54:46
381,2022-11-27 02:54:54,550,,,1,Order Received,2022-11-27 06:14:33
382,2024-01-19 22:36:55,672,,,1,Order Received,2024-01-19 23:48:19
383,2024-08-23 08:33:36,1187,,,1,Order Received,2024-08-23 16:31:41
384,2022-08-01 20:12:26,296,,,1,Order Received,2022-08-01 20:28:37
385,2023-01-28 08:00:10,1687,,,1,Order Received,2023-01-28 09:26:53
386,2023-12-22 07:17:24,1708,,,1,Order Received,2023-12-22 13:42:27
387,2024-08-14 07:35:30,1053,,,1,Order Received,2024-08-14 11:20:36
388,2022-10-26 19:44:11,1388,,,1,Order Received,2022-10-27 07:14:34
389,2024-10-09 07:46:05,1816,,,1,Order Received,2024-10-09 18:02:40
390,2024-02-16 07:04:10,459,,,1,Order Received,2024-02-16 11:55:57
391,2024-03-31 05:30:41,870,,,1,Order Received,2024-03-31 10:59:54
392,2023-05-10 06:11:36,1654,,,1,Order Received,2023-05-10 07:02:18
393,2023-04-21 09:10:28,57,3862.0,16.41,1,Order Received,2023-04-21 20:56:19
394,2024-05-10 11:40:52,273,,,1,Order Received,2024-05-10 19:58:01
395,2023-11-14 08:28:25,385,,,1,Order Received,2023-11-14 14:36:41
396,2023-02-06 20:58:21,549,,,1,Order Received,2023-02-07 02:48:11
397,2024-11-21 23:19:00,1065,,,1,Order Received,2024-11-22 10:03:23
398,2023-11-10 03:22:14,1354,,,1,Order Received,2023-11-10 03:34:39
399,2024-01-23 11:17:46,1369,,,1,Order Received,2024-01-23 16:06:42
400,2022-04-01 05:23:44,361,,,1,Order Received,2022-04-01 16:51:09
401,2024-12-09 13:57:09,1103,,,1,Order Received,2024-12-09 20:47:28
402,2023-06-17 13:38:32,1430,,,1,Order Received,2023-06-18 01:27:54
403,2025-01-18 02:44:01,1492,,,1,Order Received,2025-01-18 05:19:54
404,2023-08-11 14:15:51,1774,,,1,Order Received,2023-08-11 15:47:10
405,2023-12-09 19:31:07,227,5739.0,9.24,1,Order Received,2023-12-10 07:20:02
406,2022-02-26 15:34:50,692,,,1,Order Received,2022-02-26 22:05:29
407,2024-04-17 13:27:59,773,,,1,Order Received,2024-04-17 22:34:29
408,2024-01-01 08:44:34,839,,,1,Order Received,2024-01-01 10:45:10
409,2023-03-02 10:01:09,1106,,,1,Order Received,2023-03-02 16:44:38
410,2024-12-07 04:46:50,1258,,,1,Order Received,2024-12-07 08:22:28
411,2024-01-26 13:45:38,1445,,,1,Order Received,2024-01-26 23:33:22
412,2024-09-18 15:31:56,1907,,,1,Order Received,2024-09-18 17:43:44
413,2023-10-15 16:22:10,363,,,1,Order Received,2023-10-15 21:57:57
414,2024-04-27 16:20:06,1075,,,1,Order Received,2024-04-28 01:43:37
415,2024-10-30 08:08:30,1284,,,1,Order Received,2024-10-30 14:18:45
416,2023-09-08 20:46:59,1459,,,1,Order Received,2023-09-08 23:27:41
417,2024-05-17 22:42:24,1841,,,1,Order Received,2024-05-18 05:35:09
418,2023-10-17 17:29:06,1850,,,1,Order Received,2023-10-17 19:50:45
419,2024-06-23 20:57:27,199,7742.0,14.76,1,Order Received,2024-06-24 00:07:27
420,2024-10-03 13:55:50,1493,,,1,Order Received,2024-10-03 22:40:56
421,2023-11-19 17:09:59,138,4413.0,9.87,1,Order Received,2023-11-20 03:25:28
422,2022-10-11 21:53:24,207,3687.0,18.54,1,Order Received,2022-10-11 22:55:31
423,2024-08-14 10:31:01,496,,,1,Order Received,2024-08-14 20:55:12
424,2024-08-01 15:55:03,1393,,,1,Order Received,2024-08-01 16:49:35
425,2022-05-04 04:53:06,1729,,,1,Order Received,2022-05-04 14:13:12
426,2024-12-10 10:39:38,1939,,,1,Order Received,2024-12-10 18:36:36
427,2022-09-10 03:41:17,284,,,1,Order Received,2022-09-10 15:25:47
428,2022-06-07 11:13:55,409,,,1,Order Received,2022-06-07 22:05:33
429,2022-10-12 01:19:06,856,,,1,Order Received,2022-10-12 08:23:44
430,2022-09-14 09:03:58,1205,,,1,Order Received,2022-09-14 11:52:16
431,2024-02-21 05:29:36,1542,,,1,Order Received,2024-02-21 10:17:11
432,2022-02-22 11:53:00,436,,,1,Order Received,2022-02-22 15:26:04
433,2022-04-08 21:26:40,824,,,1,Order Received,2022-04-09 00:49:15
434,2024-08-07 01:36:08,1525,,,1,Order Received,2024-08-07 07:49:49
435,2022-10-15 18:32:44,1646,,,1,Order Received,2022-10-16 03:33:28
436,2024-05-17 15:02:56,451,,,1,Order Received,2024-05-17 17:25:32
437,2022-11-13 12:07:21,1965,,,1,Order Received,2022-11-13 20:58:11
438,2024-11-17 11:59:38,58,4497.0,5.31,1,Order Received,2024-11-17 13:05:58
439,2022-09-24 11:53:03,458,,,1,Order Received,2022-09-24 14:52:17
440,2023-09-29 10:57:34,665,,,1,Order Received,2023-09-29 22:34:41
441,2023-05-11 18:22:24,1221,,,1,Order Received,2023-05-11 19:30:20
442,2024-11-28 23:33:55,123,5718.0,10.82,1,Order Received,2024-11-29 06:22:13
443,2024-11-27 07:29:08,144,1974.0,0.05,1,Order Received,2024-11-27 14:06:52
444,2022-11-01 15:14:35,158,1914.0,6.13,1,Order Received,2022-11-01 15:58:21
445,2022-06-27 19:21:06,238,5036.0,6.2,1,Order Received,2022-06-28 03:06:45
446,2022-07-18 03:35:53,730,,,1,Order Received,2022-07-18 04:12:51
447,2023-09-24 03:18:10,748,,,1,Order Received,2023-09-24 07:06:05
448,2024-10-06 19:28:25,1647,,,1,Order Received,2024-10-07 00:37:03
449,2024-10-19 17:22:48,4,4580.0,8.07,1,Order Received,2024-10-19 19:42:17
450,2022-02-20 00:03:35,1688,,,1,Order Received,2022-02-20 08:15:04
451,2022-03-09 01:49:03,126,10485.0,5.9,1,Order Received,2022-03-09 11:48:01
452,2023-01-21 23:06:07,259,4940.0,3.9,1,Order Received,2023-01-22 00:26:32
453,2024-03-27 03:40:49,632,,,1,Order Received,2024-03-27 04:25:58
454,2023-10-07 19:06:51,667,,,1,Order Received,2023-10-08 06:51:24
455,2022-03-29 07:09:00,1146,,,1,Order Received,2022-03-29 15:36:16
456,2024-06-11 00:55:35,354,,,1,Order Received,2024-06-11 07:58:18
457,2023-01-30 14:21:21,369,,,1,Order Received,2023-01-31 00:13:10
458,2022-05-06 13:31:45,698,,,1,Order Received,2022-05-06 17:42:38
459,2023-08-09 20:57:25,355,,,1,Order Received,2023-08-10 00:16:26
460,2024-03-14 01:31:23,1294,,,1,Order Received,2024-03-14 05:33:49
461,2024-02-26 21:25:42,1563,,,1,Order Received,2024-02-27 07:40:49
462,2023-12-16 22:32:08,1960,,,1,Order Received,2023-12-17 01:40:27
463,2023-08-12 08:25:23,270,8120.0,6.62,1,Order Received,2023-08-12 17:21:37
464,2024-10-17 18:19:20,794,,,1,Order Received,2024-10-18 05:35:35
465,2023-06-05 21:24:59,1467,,,1,Order Received,2023-06-06 02:57:32
466,2022-09-29 15:07:06,1082,,,1,Order Received,2022-09-29 21:01:04
467,2025-02-03 11:36:13,556,,,1,Order Received,2025-02-03 12:28:27
468,2024-11-23 01:30:21,1159,,,1,Order Received,2024-11-23 12:09:38
469,2023-12-22 09:17:00,192,7752.0,7.98,1,Order Received,2023-12-22 11:56:41
470,2023-03-27 07:56:10,448,,,1,Order Received,2023-03-27 13:16:47
471,2023-06-24 08:20:31,601,,,1,Order Received,2023-06-24 15:04:31
472,2022-10-09 04:10:27,206,5455.0,5.31,1,Order Received,2022-10-09 09:48:39
473,2022-02-19 17:20:02,535,,,1,Order Received,2022-02-20 01:19:01
474,2022-06-15 16:52:57,843,,,1,Order Received,2022-06-16 03:53:16
475,2022-03-14 09:51:52,671,,,1,Order Received,2022-03-14 16:56:31
476,2023-06-26 00:35:17,1126,,,1,Order Received,2023-06-26 02:57:38
477,2023-03-06 07:29:40,1317,,,1,Order Received,2023-03-06 10:07:25
478,2023-10-22 06:12:24,1643,,,1,Order Received,2023-10-22 12:14:09
479,2023-07-13 15:35:00,316,,,1,Order Received,2023-07-14 01:50:28
480,2024-08-15 13:19:26,1462,,,1,Order Received,2024-08-15 22:31:33
481,2023-11-14 06:00:26,1687,,,1,Order Received,2023-11-14 09:14:38
482,2023-09-14 07:19:33,1915,,,1,Order Received,2023-09-14 07:54:10
483,2024-04-26 02:13:41,786,,,1,Order Received,2024-04-26 07:24:11
484,2022-07-10 13:30:29,1603,,,1,Order Received,2022-07-10 13:39:11
485,2024-11-08 09:42:18,1723,,,1,Order Received,2024-11-08 18:54:17
486,2022-05-13 03:55:34,1831,,,1,Order Received,2022-05-13 13:29:23
487,2022-12-23 00:21:17,210,6078.0,3.17,1,Order Received,2022-12-23 08:34:27
488,2024-01-27 08:30:27,378,,,1,Order Received,2024-01-27 08:54:48
489,2024-05-23 03:33:15,721,,,1,Order Received,2024-05-23 04:55:31
490,2023-08-08 04:03:57,1512,,,1,Order Received,2023-08-08 09:42:13
491,2023-09-05 10:21:57,1569,,,1,Order Received,2023-09-05 10:26:32
492,2023-04-11 05:27:43,654,,,1,Order Received,2023-04-11 12:55:49
493,2023-11-30 23:35:27,896,,,1,Order Received,2023-12-01 00:42:12
494,2024-09-17 04:10:20,905,,,1,Order Received,2024-09-17 11:19:47
495,2025-02-08 00:03:35,988,,,1,Order Received,2025-02-08 08:30:35
496,2022-06-01 00:41:14,1262,,,1,Order Received,2022-06-01 09:27:55
497,2024-09-12 01:37:33,1297,,,1,Order Received,2024-09-12 08:09:57
498,2023-05-09 13:48:23,1372,,,1,Order Received,2023-05-09 20:10:20
499,2022-03-15 20:47:44,1567,,,1,Order Received,2022-03-15 21:00:19
500,2024-06-21 19:57:38,130,9995.0,5.71,1,Order Received,2024-06-22 01:54:42
501,2023-12-22 13:11:36,317,,,1,Order Received,2023-12-22 18:19:11
502,2024-01-17 12:07:58,331,,,1,Order Received,2024-01-17 19:54:43
503,2023-11-22 04:53:16,389,,,1,Order Received,2023-11-22 16:24:18
504,2023-04-27 20:46:28,760,,,1,Order Received,2023-04-28 07:01:20
505,2022-11-12 03:49:50,1461,,,1,Order Received,2022-11-12 08:31:05
506,2022-04-28 18:54:49,1815,,,1,Order Received,2022-04-28 23:36:29
507,2022-02-28 01:59:11,1829,,,1,Order Received,2022-02-28 11:23:45
508,2023-12-02 00:37:24,161,466.0,13.5,1,Order Received,2023-12-02 09:35:17
509,2022-10-22 07:04:10,505,,,1,Order Received,2022-10-22 11:39:52
510,2024-11-08 21:48:56,924,,,1,Order Received,2024-11-09 05:53:49
511,2022-10-31 03:58:28,1217,,,1,Order Received,2022-10-31 06:35:48
512,2022-11-12 12:16:39,233,731.0,7.9,1,Order Received,2022-11-12 13:08:40
513,2023-09-30 18:36:22,1052,,,1,Order Received,2023-10-01 03:04:25
514,2022-03-21 16:07:31,1758,,,1,Order Received,2022-03-21 19:51:46
515,2024-03-21 08:01:35,766,,,1,Order Received,2024-03-21 13:18:40
516,2025-01-05 20:28:46,74,10124.0,19.01,1,Order Received,2025-01-05 23:41:26
517,2025-02-13 17:58:31,358,,,1,Order Received,2025-02-13 18:10:36
518,2022-12-26 02:19:04,398,,,1,Order Received,2022-12-26 05:41:28
519,2023-05-22 15:21:52,912,,,1,Order Received,2023-05-22 19:37:41
520,2023-04-26 20:10:07,1095,,,1,Order Received,2023-04-27 07:22:00
521,2024-05-02 18:01:34,1165,,,1,Order Received,2024-05-03 01:13:30
522,2023-05-02 06:05:04,353,,,1,Order Received,2023-05-02 08:29:07
523,2025-01-30 14:28:25,1226,,,1,Order Received,2025-01-30 16:52:52
524,2022-05-27 17:20:25,1532,,,1,Order Received,2022-05-27 22:10:30
525,2024-09-05 20:18:24,1769,,,1,Order Received,2024-09-06 01:15:31
526,2023-02-19 02:52:10,485,,,1,Order Received,2023-02-19 13:07:29
527,2024-03-21 04:51:41,600,,,1,Order Received,2024-03-21 05:16:58
528,2022-10-06 07:38:39,634,,,1,Order Received,2022-10-06 14:59:05
529,2024-04-22 18:35:24,192,10080.0,6.64,1,Order Received,2024-04-23 06:01:42
530,2024-10-21 09:31:10,1927,,,1,Order Received,2024-10-21 20:41:25
531,2023-05-06 02:39:41,409,,,1,Order Received,2023-05-06 12:12:00
532,2024-01-20 01:59:44,726,,,1,Order Received,2024-01-20 04:10:38
533,2023-09-16 03:03:56,1018,,,1,Order Received,2023-09-16 09:21:27
534,2022-10-07 05:23:26,1142,,,1,Order Received,2022-10-07 06:18:21
535,2022-12-20 15:55:56,1433,,,1,Order Received,2022-12-21 01:38:00
536,2023-04-29 03:18:05,1847,,,1,Order Received,2023-04-29 13:03:37
537,2022-03-25 04:26:21,1,4015.0,5.41,1,Order Received,2022-03-25 12:07:53
538,2022-03-20 19:44:05,100,6468.0,12.06,1,Order Received,2022-03-21 04:55:07
539,2022-11-07 12:06:38,504,,,1,Order Received,2022-11-07 22:57:13
540,2023-01-07 17:35:32,1551,,,1,Order Received,2023-01-07 20:15:22
541,2023-06-29 22:21:34,1721,,,1,Order Received,2023-06-30 03:08:59
542,2024-12-30 15:36:13,109,3044.0,8.17,1,Order Received,2024-12-30 19:33:50
543,2022-05-06 12:20:18,146,5386.0,11.98,1,Order Received,2022-05-06 17:46:06
544,2024-05-04 11:05:54,471,,,1,Order Received,2024-05-04 14:22:06
545,2023-03-08 16:55:35,1110,,,1,Order Received,2023-03-08 16:59:10
546,2022-03-15 18:49:20,1176,,,1,Order Received,2022-03-15 21:18:38
547,2022-12-30 02:23:21,1449,,,1,Order Received,2022-12-30 02:39:09
548,2022-11-18 09:05:47,1788,,,1,Order Received,2022-11-18 14:56:52
549,2022-07-29 20:26:04,1890,,,1,Order Received,2022-07-30 00:54:08
550,2023-10-19 07:29:26,627,,,1,Order Received,2023-10-19 12:16:28
551,2022-10-15 19:30:54,795,,,1,Order Received,2022-10-16 06:01:54
552,2022-08-07 04:28:23,1448,,,1,Order Received,2022-08-07 06:42:19
553,2025-01-21 18:27:36,1595,,,1,Order Received,2025-01-21 22:04:18
554,2022-07-21 11:34:58,1088,,,1,Order Received,2022-07-21 22:56:37
555,2024-09-30 19:02:24,370,,,1,Order Received,2024-10-01 05:00:34
556,2023-01-31 06:37:07,481,,,1,Order Received,2023-01-31 10:23:03
557,2022-08-16 15:29:44,769,,,1,Order Received,2022-08-16 16:24:51
558,2022-11-26 07:57:11,938,,,1,Order Received,2022-11-26 13:15:00
559,2023-05-01 00:45:15,137,2544.0,13.32,1,Order Received,2023-05-01 12:28:59
560,2022-12-05 03:51:21,257,4475.0,8.47,1,Order Received,2022-12-05 10:36:37
561,2023-06-11 07:34:33,859,,,1,Order Received,2023-06-11 18:09:39
562,2024-11-09 02:20:34,1333,,,1,Order Received,2024-11-09 11:00:16
563,2023-02-13 13:25:59,1844,,,1,Order Received,2023-02-14 00:59:11
564,2022-05-07 07:14:59,1879,,,1,Order Received,2022-05-07 15:01:53
565,2023-04-20 05:56:56,1597,,,1,Order Received,2023-04-20 10:11:53
566,2024-05-15 12:53:06,1902,,,1,Order Received,2024-05-15 22:47:10
567,2024-02-28 12:22:38,86,9734.0,7.82,1,Order Received,2024-02-28 13:08:08
568,2022-07-03 12:18:24,1304,,,1,Order Received,2022-07-03 22:23:40
569,2022-11-28 15:32:02,1484,,,1,Order Received,2022-11-28 15:41:52
570,2024-07-15 05:29:26,1680,,,1,Order Received,2024-07-15 12:02:49
571,2024-11-01 01:37:14,1848,,,1,Order Received,2024-11-01 09:54:40
572,2024-11-02 18:28:37,432,,,1,Order Received,2024-11-03 04:15:40
573,2022-03-31 13:34:51,1756,,,1,Order Received,2022-03-31 13:37:45
574,2023-11-24 08:50:46,1821,,,1,Order Received,2023-11-24 15:44:11
575,2024-08-18 10:57:07,426,,,1,Order Received,2024-08-18 21:15:28
576,2023-09-21 21:34:44,774,,,1,Order Received,2023-09-22 04:26:14
577,2023-11-08 12:32:04,23,9201.0,3.77,1,Order Received,2023-11-08 15:54:32
578,2022-07-05 09:02:51,917,,,1,Order Received,2022-07-05 17:20:42
579,2022-10-08 00:11:53,1745,,,1,Order Received,2022-10-08 07:33:43
580,2024-10-20 07:26:22,756,,,1,Order Received,2024-10-20 19:22:00
581,2022-03-01 08:40:06,1217,,,1,Order Received,2022-03-01 10:12:46
582,2022-08-28 14:51:03,1836,,,1,Order Received,2022-08-28 22:47:30
583,2022-10-23 01:15:10,1894,,,1,Order Received,2022-10-23 12:19:26
584,2024-03-31 23:14:54,511,,,1,Order Received,2024-04-01 06:46:53
585,2023-04-05 11:32:55,309,,,1,Order Received,2023-04-05 16:00:04
586,2024-06-21 23:17:41,791,,,1,Order Received,2024-06-22 10:57:27
587,2023-06-22 15:45:59,978,,,1,Order Received,2023-06-23 00:43:25
588,2023-07-10 07:00:40,1618,,,1,Order Received,2023-07-10 16:48:30
589,2024-06-12 04:25:09,1875,,,1,Order Received,2024-06-12 14:32:02
590,2023-08-08 09:58:00,407,,,1,Order Received,2023-08-08 19:08:57
591,2023-03-13 18:42:00,637,,,1,Order Received,2023-03-13 22:16:05
592,2023-02-15 14:42:04,1060,,,1,Order Received,2023-02-15 16:59:39
593,2022-05-28 04:07:31,1074,,,1,Order Received,2022-05-28 04:53:12
594,2024-05-02 07:10:37,1362,,,1,Order Received,2024-05-02 16:06:16
595,2022-07-15 16:20:11,1810,,,1,Order Received,2022-07-15 22:41:26
596,2024-12-19 18:54:18,1938,,,1,Order Received,2024-12-19 23:53:34
597,2024-05-22 09:16:11,1977,,,1,Order Received,2024-05-22 15:08:49
598,2024-06-26 19:05:00,280,,,1,Order Received,2024-06-26 21:30:20
599,2022-07-18 04:15:35,1634,,,1,Order Received,2022-07-18 10:44:22
600,2023-09-24 18:17:26,785,,,1,Order Received,2023-09-24 19:25:21
601,2024-10-18 10:17:13,981,,,1,Order Received,2024-10-18 20:30:29
602,2022-05-23 19:56:34,1019,,,1,Order Received,2022-05-24 07:39:09
603,2024-01-18 11:26:01,1287,,,1,Order Received,2024-01-18 15:19:08
604,2023-03-10 02:51:30,1367,,,1,Order Received,2023-03-10 11:09:23
605,2024-11-29 12:30:29,452,,,1,Order Received,2024-11-29 18:20:31
606,2023-06-25 09:02:06,27,933.0,0.5,1,Order Received,2023-06-25 13:18:40
607,2022-09-15 00:11:51,729,,,1,Order Received,2022-09-15 04:04:33
608,2023-11-08 07:32:25,808,,,1,Order Received,2023-11-08 14:06:16
609,2022-09-01 10:35:32,1979,,,1,Order Received,2022-09-01 19:46:41
610,2022-10-18 02:29:33,663,,,1,Order Received,2022-10-18 04:43:45
611,2023-11-24 13:07:51,869,,,1,Order Received,2023-11-24 20:45:24
612,2022-09-12 00:09:30,928,,,1,Order Received,2022-09-12 07:34:38
613,2022-12-11 17:56:02,1566,,,1,Order Received,2022-12-11 20:09:05
614,2023-06-25 16:25:21,106,8331.0,7.38,1,Order Received,2023-06-25 17:15:12
615,2022-06-11 19:43:38,318,,,1,Order Received,2022-06-12 05:13:44
616,2024-11-21 00:07:12,342,,,1,Order Received,2024-11-21 09:08:09
617,2023-09-23 05:50:24,633,,,1,Order Received,2023-09-23 10:24:54
618,2024-08-04 02:58:54,1555,,,1,Order Received,2024-08-04 10:48:33
619,2024-07-04 17:11:45,1937,,,1,Order Received,2024-07-04 18:36:32
620,2024-02-20 00:59:18,1962,,,1,Order Received,2024-02-20 08:34:13
621,2023-10-28 21:07:09,1384,,,1,Order Received,2023-10-29 06:47:25
622,2024-03-23 21:28:33,320,,,1,Order Received,2024-03-23 23:05:08
623,2022-09-11 15:04:17,1878,,,1,Order Received,2022-09-11 18:06:24
624,2022-12-16 10:10:44,154,7001.0,10.78,1,Order Received,2022-12-16 20:31:37
625,2023-09-25 22:51:43,497,,,1,Order Received,2023-09-26 05:29:46
626,2024-02-17 19:52:15,581,,,1,Order Received,2024-02-17 21:59:53
627,2024-09-05 16:53:29,60,10392.0,3.84,1,Order Received,2024-09-05 19:37:31
628,2022-07-26 11:12:06,1017,,,1,Order Received,2022-07-26 18:29:20
629,2022-06-01 01:54:58,1174,,,1,Order Received,2022-06-01 06:09:03
630,2023-07-28 20:41:46,1404,,,1,Order Received,2023-07-29 08:00:32
631,2022-12-12 05:05:10,157,9206.0,11.96,1,Order Received,2022-12-12 12:56:44
632,2024-08-13 19:28:20,402,,,1,Order Received,2024-08-14 00:49:52
633,2023-01-16 01:18:03,1486,,,1,Order Received,2023-01-16 04:31:03
634,2023-01-06 06:34:16,1762,,,1,Order Received,2023-01-06 06:34:40
635,2024-09-13 06:14:59,891,,,1,Order Received,2024-09-13 08:37:57
636,2024-01-04 00:42:28,904,,,1,Order Received,2024-01-04 12:36:10
637,2022-08-21 18:18:15,961,,,1,Order Received,2022-08-21 22:37:48
638,2023-11-03 18:30:56,965,,,1,Order Received,2023-11-04 04:27:39
639,2023-01-11 08:09:41,1093,,,1,Order Received,2023-01-11 08:54:35
640,2023-10-10 01:31:49,1150,,,1,Order Received,2023-10-10 11:26:12
641,2024-03-23 16:43:42,1353,,,1,Order Received,2024-03-24 04:00:57
642,2023-02-24 05:10:16,114,2947.0,18.83,1,Order Received,2023-02-24 07:53:21
643,2022-08-01 08:47:49,789,,,1,Order Received,2022-08-01 12:31:30
644,2024-07-07 13:42:30,1345,,,1,Order Received,2024-07-08 00:11:41
645,2024-05-18 02:23:19,927,,,1,Order Received,2024-05-18 07:38:13
646,2022-05-04 07:06:52,1632,,,1,Order Received,2022-05-04 13:53:48
647,2023-10-24 06:46:46,205,3883.0,2.77,1,Order Received,2023-10-24 12:56:45
648,2022-03-08 05:53:06,1133,,,1,Order Received,2022-03-08 16:22:15
649,2022-12-10 15:54:14,1293,,,1,Order Received,2022-12-11 01:49:59
650,2025-01-19 22:18:39,1560,,,1,Order Received,2025-01-20 04:30:01
651,2022-05-13 05:52:27,582,,,1,Order Received,2022-05-13 07:02:00
652,2024-03-10 19:55:03,1178,,,1,Order Received,2024-03-11 07:08:44
653,2023-03-05 02:40:02,1608,,,1,Order Received,2023-03-05 07:19:49
654,2023-05-13 04:31:18,1849,,,1,Order Received,2023-05-13 06:09:11
655,2024-02-15 03:00:52,1944,,,1,Order Received,2024-02-15 09:10:55
656,2024-11-20 05:40:51,1582,,,1,Order Received,2024-11-20 07:37:27
657,2023-07-25 21:54:47,194,7939.0,12.22,1,Order Received,2023-07-26 01:07:38
658,2024-07-09 18:19:22,745,,,1,Order Received,2024-07-10 04:33:48
659,2024-08-25 20:01:17,532,,,1,Order Received,2024-08-26 01:34:58
660,2024-06-22 12:36:08,737,,,1,Order Received,2024-06-22 21:41:12
661,2022-12-20 00:21:11,787,,,1,Order Received,2022-12-20 05:05:31
662,2022-11-24 02:23:39,419,,,1,Order Received,2022-11-24 10:50:08
663,2023-02-14 07:24:48,846,,,1,Order Received,2023-02-14 11:24:11
664,2025-01-14 12:24:31,1114,,,1,Order Received,2025-01-14 19:02:02
665,2023-06-18 14:09:00,1254,,,1,Order Received,2023-06-18 23:18:27
666,2024-03-20 02:16:30,1827,,,1,Order Received,2024-03-20 04:11:12
667,2022-10-05 00:58:47,1868,,,1,Order Received,2022-10-05 07:03:56
668,2024-04-08 11:14:30,1995,,,1,Order Received,2024-04-08 11:56:10
669,2024-02-04 01:52:50,490,,,1,Order Received,2024-02-04 11:05:44
670,2022-02-22 19:39:24,519,,,1,Order Received,2022-02-23 03:38:55
671,2022-09-16 09:39:15,717,,,1,Order Received,2022-09-16 09:58:08
672,2023-12-12 19:37:28,894,,,1,Order Received,2023-12-12 21:13:20
673,2024-06-05 11:04:58,1864,,,1,Order Received,2024-06-05 18:07:40
674,2022-06-01 23:03:17,184,8650.0,15.8,1,Order Received,2022-06-02 05:29:11
675,2024-11-06 15:24:05,1026,,,1,Order Received,2024-11-07 02:25:29
676,2023-03-23 02:14:12,1380,,,1,Order Received,2023-03-23 14:03:29
677,2024-05-11 12:59:14,1100,,,1,Order Received,2024-05-11 15:01:30
678,2024-08-23 23:43:46,183,10591.0,16.51,1,Order Received,2024-08-24 10:27:13
679,2022-11-03 11:04:44,405,,,1,Order Received,2022-11-03 22:35:14
680,2024-12-06 10:02:09,154,8984.0,8.4,1,Order Received,2024-12-06 11:24:17
681,2023-12-18 08:04:30,1078,,,1,Order Received,2023-12-18 16:23:39
682,2022-09-11 04:12:24,1524,,,1,Order Received,2022-09-11 05:41:46
683,2022-04-25 20:21:27,30,4613.0,10.72,1,Order Received,2022-04-26 02:50:53
684,2023-07-15 02:02:06,384,,,1,Order Received,2023-07-15 06:01:08
685,2023-02-14 12:32:59,1850,,,1,Order Received,2023-02-14 12:59:52
686,2022-04-22 17:13:59,506,,,1,Order Received,2022-04-22 19:31:18
687,2022-07-08 11:35:08,737,,,1,Order Received,2022-07-08 21:41:03
688,2024-11-08 06:07:56,999,,,1,Order Received,2024-11-08 13:45:37
689,2022-05-29 01:20:55,1154,,,1,Order Received,2022-05-29 09:11:36
690,2023-10-22 07:32:09,1662,,,1,Order Received,2023-10-22 11:52:30
691,2024-06-20 00:08:59,38,6983.0,13.32,1,Order Received,2024-06-20 10:18:40
692,2024-06-10 20:07:29,83,7811.0,8.2,1,Order Received,2024-06-10 21:54:53
693,2024-01-03 10:07:28,333,,,1,Order Received,2024-01-03 12:35:25
694,2024-12-07 00:20:45,1990,,,1,Order Received,2024-12-07 07:18:17
695,2022-06-29 00:33:18,1130,,,1,Order Received,2022-06-29 03:57:11
696,2024-09-15 20:32:15,1436,,,1,Order Received,2024-09-16 04:39:02
697,2022-11-10 14:19:17,1835,,,1,Order Received,2022-11-10 20:41:36
698,2024-09-27 04:22:24,1877,,,1,Order Received,2024-09-27 11:53:36
699,2023-02-17 15:18:19,364,,,1,Order Received,2023-02-17 21:47:23
700,2023-08-14 00:32:38,496,,,1,Order Received,2023-08-14 10:24:24
701,2023-05-04 05:41:29,622,,,1,Order Received,2023-05-04 11:33:08
702,2022-08-31 20:20:49,783,,,1,Order Received,2022-09-01 08:03:45
703,2024-05-26 12:28:17,863,,,1,Order Received,2024-05-26 17:28:00
704,2024-06-08 18:56:18,1027,,,1,Order Received,2024-06-08 20:46:05
705,2024-07-02 20:41:15,1130,,,1,Order Received,2024-07-03 02:51:01
706,2022-06-06 19:43:26,65,8400.0,19.7,1,Order Received,2022-06-06 21:02:57
707,2024-06-05 09:40:05,1001,,,1,Order Received,2024-06-05 09:48:21
708,2024-01-27 19:17:02,105,4993.0,4.85,1,Order Received,2024-01-28 03:59:50
709,2023-05-04 04:29:02,311,,,1,Order Received,2023-05-04 11:38:16
710,2024-07-19 20:44:40,804,,,1,Order Received,2024-07-20 06:22:28
711,2024-03-20 06:53:27,940,,,1,Order Received,2024-03-20 09:34:42
712,2024-12-21 05:19:56,1991,,,1,Order Received,2024-12-21 13:52:50
713,2024-05-02 04:23:49,710,,,1,Order Received,2024-05-02 15:04:34
714,2023-05-27 00:39:28,1749,,,1,Order Received,2023-05-27 04:24:31
715,2023-05-22 10:01:35,1892,,,1,Order Received,2023-05-22 20:44:34
716,2022-07-24 05:41:17,113,6345.0,13.74,1,Order Received,2022-07-24 12:01:06
717,2024-12-10 06:56:20,460,,,1,Order Received,2024-12-10 18:26:27
718,2023-09-07 21:45:02,937,,,1,Order Received,2023-09-08 00:16:12
719,2023-04-27 03:54:51,1544,,,1,Order Received,2023-04-27 06:00:21
720,2024-09-06 11:43:02,1629,,,1,Order Received,2024-09-06 14:37:02
721,2023-12-03 08:30:16,1936,,,1,Order Received,2023-12-03 16:43:46
722,2024-02-26 21:14:09,1527,,,1,Order Received,2024-02-27 05:39:38
723,2023-06-20 04:02:36,1722,,,1,Order Received,2023-06-20 09:29:33
724,2023-04-03 18:48:25,293,,,1,Order Received,2023-04-03 20:46:44
725,2022-06-07 22:02:51,343,,,1,Order Received,2022-06-08 03:33:35
726,2023-09-24 22:44:33,1617,,,1,Order Received,2023-09-25 08:23:15
727,2022-10-20 06:47:10,1931,,,1,Order Received,2022-10-20 14:28:29
728,2023-06-07 09:21:20,647,,,1,Order Received,2023-06-07 18:51:49
729,2022-10-14 09:47:14,131,8877.0,18.05,1,Order Received,2022-10-14 10:15:42
730,2022-10-29 18:51:45,764,,,1,Order Received,2022-10-30 04:42:38
731,2023-06-12 19:24:17,808,,,1,Order Received,2023-06-13 07:13:20
732,2022-10-31 20:01:50,970,,,1,Order Received,2022-11-01 01:34:26
733,2023-08-08 03:02:35,1222,,,1,Order Received,2023-08-08 07:18:25
734,2022-09-18 10:38:45,414,,,1,Order Received,2022-09-18 15:20:09
735,2022-12-14 19:59:17,803,,,1,Order Received,2022-12-15 06:38:45
736,2023-06-26 09:03:57,1037,,,1,Order Received,2023-06-26 12:17:08
737,2022-05-28 05:27:50,1903,,,1,Order Received,2022-05-28 13:35:22
738,2024-02-11 11:19:21,342,,,1,Order Received,2024-02-11 18:17:27
739,2024-04-29 11:03:30,624,,,1,Order Received,2024-04-29 21:31:27
740,2024-12-29 01:18:38,1241,,,1,Order Received,2024-12-29 08:44:02
741,2023-10-02 10:28:44,399,,,1,Order Received,2023-10-02 16:11:57
742,2024-02-18 08:24:30,344,,,1,Order Received,2024-02-18 14:44:20
743,2024-07-19 06:33:04,672,,,1,Order Received,2024-07-19 09:02:38
744,2023-01-12 13:53:58,1032,,,1,Order Received,2023-01-12 19:22:19
745,2023-06-19 02:13:58,1156,,,1,Order Received,2023-06-19 10:07:00
746,2024-04-25 02:25:57,1604,,,1,Order Received,2024-04-25 13:26:06
747,2024-08-14 15:13:28,1671,,,1,Order Received,2024-08-14 22:35:09
748,2022-10-04 16:28:30,1726,,,1,Order Received,2022-10-04 20:16:27
749,2023-08-12 21:06:34,1897,,,1,Order Received,2023-08-13 06:01:14
750,2023-08-19 01:54:28,23,5124.0,14.75,1,Order Received,2023-08-19 11:04:01
751,2022-04-04 03:22:09,1286,,,1,Order Received,2022-04-04 10:25:52
752,2022-12-22 11:56:49,1748,,,1,Order Received,2022-12-22 19:46:48
753,2025-01-02 17:46:23,1917,,,1,Order Received,2025-01-02 23:45:08
754,2024-03-05 03:16:15,348,,,1,Order Received,2024-03-05 09:40:05
755,2023-01-26 11:17:37,619,,,1,Order Received,2023-01-26 13:20:30
756,2024-07-17 06:14:44,864,,,1,Order Received,2024-07-17 09:17:39
757,2023-06-29 06:07:33,994,,,1,Order Received,2023-06-29 15:13:29
758,2023-03-30 01:17:12,1391,,,1,Order Received,2023-03-30 01:38:07
759,2024-12-17 06:24:53,1529,,,1,Order Received,2024-12-17 16:51:40
760,2023-11-30 03:24:26,1589,,,1,Order Received,2023-11-30 06:35:38
761,2024-06-23 20:06:24,1834,,,1,Order Received,2024-06-24 04:42:03
762,2023-09-08 04:28:02,1890,,,1,Order Received,2023-09-08 13:52:42
763,2024-07-05 13:01:13,1979,,,1,Order Received,2024-07-05 22:17:35
764,2023-05-05 04:17:12,450,,,1,Order Received,2023-05-05 10:25:02
765,2023-08-31 01:21:55,1545,,,1,Order Received,2023-08-31 04:12:03
766,2022-05-04 00:27:56,30,4843.0,11.38,1,Order Received,2022-05-04 08:15:03
767,2024-03-26 09:39:45,1877,,,1,Order Received,2024-03-26 16:04:56
768,2024-03-18 00:29:58,912,,,1,Order Received,2024-03-18 09:14:36
769,2024-09-13 07:37:50,1375,,,1,Order Received,2024-09-13 08:05:25
770,2022-03-30 09:35:16,256,3770.0,6.33,1,Order Received,2022-03-30 09:39:17
771,2025-01-29 06:35:53,1489,,,1,Order Received,2025-01-29 17:33:12
772,2023-02-22 04:10:46,304,,,1,Order Received,2023-02-22 10:45:22
773,2023-10-17 09:07:39,1240,,,1,Order Received,2023-10-17 09:08:39
774,2023-07-30 04:54:43,610,,,1,Order Received,2023-07-30 09:15:59
775,2022-08-10 00:16:56,1625,,,1,Order Received,2022-08-10 10:00:15
776,2024-02-13 22:15:33,1674,,,1,Order Received,2024-02-14 09:48:20
777,2022-08-21 01:29:10,558,,,1,Order Received,2022-08-21 06:03:08
778,2022-10-18 09:00:37,1783,,,1,Order Received,2022-10-18 09:12:05
779,2024-03-11 02:55:19,594,,,1,Order Received,2024-03-11 14:10:47
780,2022-04-16 11:31:48,967,,,1,Order Received,2022-04-16 19:14:46
781,2024-07-23 13:52:43,1216,,,1,Order Received,2024-07-23 18:41:07
782,2024-11-05 05:01:29,577,,,1,Order Received,2024-11-05 05:54:37
783,2024-11-06 07:40:08,651,,,1,Order Received,2024-11-06 09:40:34
784,2022-04-30 17:35:16,1104,,,1,Order Received,2022-05-01 00:58:05
785,2022-05-19 14:15:03,1801,,,1,Order Received,2022-05-19 21:07:49
786,2025-01-22 05:34:53,546,,,1,Order Received,2025-01-22 05:50:19
787,2024-07-15 14:53:35,795,,,1,Order Received,2024-07-15 19:32:27
788,2023-06-27 05:50:13,910,,,1,Order Received,2023-06-27 16:18:14
789,2023-03-06 13:58:08,1086,,,1,Order Received,2023-03-06 16:21:40
790,2023-10-16 09:59:00,1180,,,1,Order Received,2023-10-16 14:32:35
791,2023-03-22 05:03:51,1571,,,1,Order Received,2023-03-22 08:41:13
792,2024-11-10 19:28:35,1605,,,1,Order Received,2024-11-10 23:54:37
793,2022-03-18 01:34:42,275,,,1,Order Received,2022-03-18 12:52:50
794,2022-12-30 11:48:17,657,,,1,Order Received,2022-12-30 19:00:50
795,2022-11-05 07:11:10,1812,,,1,Order Received,2022-11-05 09:19:34
796,2024-11-18 19:23:50,462,,,1,Order Received,2024-11-18 20:28:08
797,2023-01-01 04:58:32,1584,,,1,Order Received,2023-01-01 15:54:52
798,2022-11-07 05:03:56,1637,,,1,Order Received,2022-11-07 08:32:44
799,2024-12-09 16:34:15,19,712.0,13.32,1,Order Received,2024-12-10 01:09:15
800,2024-01-15 18:21:39,294,,,1,Order Received,2024-01-16 02:50:13
801,2024-02-03 20:49:23,755,,,1,Order Received,2024-02-04 01:27:17
802,2024-03-13 03:29:41,608,,,1,Order Received,2024-03-13 13:13:26
803,2022-09-20 12:05:44,987,,,1,Order Received,2022-09-20 22:50:49
804,2023-09-07 19:27:57,504,,,1,Order Received,2023-09-07 20:02:08
805,2022-05-01 10:05:44,1431,,,1,Order Received,2022-05-01 16:41:23
806,2023-11-28 05:43:28,819,,,1,Order Received,2023-11-28 12:59:10
807,2024-01-27 07:00:38,1073,,,1,Order Received,2024-01-27 11:32:14
808,2024-12-30 22:46:58,1123,,,1,Order Received,2024-12-30 23:37:51
809,2023-02-23 22:52:48,202,5272.0,5.88,1,Order Received,2023-02-24 01:32:27
810,2024-08-10 02:46:57,348,,,1,Order Received,2024-08-10 13:32:35
811,2024-01-12 04:03:00,652,,,1,Order Received,2024-01-12 13:52:11
812,2023-11-26 17:00:43,1177,,,1,Order Received,2023-11-26 21:49:45
813,2023-09-08 11:52:48,1683,,,1,Order Received,2023-09-08 18:30:25
814,2023-09-16 13:42:57,143,5315.0,0.04,1,Order Received,2023-09-16 20:23:57
815,2023-01-30 22:47:13,559,,,1,Order Received,2023-01-31 00:19:21
816,2022-12-25 10:36:51,902,,,1,Order Received,2022-12-25 22:14:32
817,2023-09-20 09:41:28,933,,,1,Order Received,2023-09-20 15:13:30
818,2023-08-15 05:42:34,476,,,1,Order Received,2023-08-15 10:29:41
819,2024-02-08 10:21:43,1052,,,1,Order Received,2024-02-08 17:41:12
820,2022-03-22 14:35:46,1439,,,1,Order Received,2022-03-23 00:51:49
821,2024-01-18 05:10:16,394,,,1,Order Received,2024-01-18 10:32:07
822,2024-09-15 03:59:18,820,,,1,Order Received,2024-09-15 12:00:23
823,2023-10-24 18:20:39,1059,,,1,Order Received,2023-10-25 06:20:32
824,2024-11-17 13:44:57,398,,,1,Order Received,2024-11-18 01:41:08
825,2023-03-22 13:14:31,539,,,1,Order Received,2023-03-23 00:55:48
826,2024-01-23 20:57:20,845,,,1,Order Received,2024-01-24 07:35:12
827,2025-01-01 04:04:57,381,,,1,Order Received,2025-01-01 10:10:26
828,2023-04-18 22:04:18,592,,,1,Order Received,2023-04-19 08:38:10
829,2024-05-21 11:43:29,631,,,1,Order Received,2024-05-21 22:16:20
830,2024-07-02 13:13:36,701,,,1,Order Received,2024-07-02 22:16:16
831,2022-11-12 14:53:29,1219,,,1,Order Received,2022-11-12 16:28:16
832,2023-09-14 08:59:49,1706,,,1,Order Received,2023-09-14 13:45:46
833,2024-05-12 02:01:29,1665,,,1,Order Received,2024-05-12 09:06:52
834,2023-05-09 18:35:56,1865,,,1,Order Received,2023-05-10 03:45:01
835,2022-03-31 12:15:35,1364,,,1,Order Received,2022-03-31 12:44:51
836,2022-04-14 06:39:00,1872,,,1,Order Received,2022-04-14 17:38:07
837,2023-12-20 05:06:53,1934,,,1,Order Received,2023-12-20 10:34:38
838,2022-08-22 02:26:02,98,8668.0,8.77,1,Order Received,2022-08-22 08:47:28
839,2024-03-22 13:18:52,105,9652.0,12.19,1,Order Received,2024-03-22 16:42:48
840,2024-04-18 04:10:22,1782,,,1,Order Received,2024-04-18 14:05:42
841,2023-06-02 20:33:29,1069,,,1,Order Received,2023-06-02 23:58:23
842,2024-02-02 06:09:07,1539,,,1,Order Received,2024-02-02 17:27:38
843,2023-09-16 16:58:12,1805,,,1,Order Received,2023-09-17 03:16:04
844,2022-06-21 16:10:01,187,8789.0,3.04,1,Order Received,2022-06-21 21:43:50
845,2023-05-10 23:32:43,360,,,1,Order Received,2023-05-11 08:28:12
846,2024-05-01 02:57:45,1176,,,1,Order Received,2024-05-01 06:53:43
847,2022-11-25 01:29:06,1285,,,1,Order Received,2022-11-25 06:22:30
848,2022-11-21 14:39:20,67,3667.0,13.49,1,Order Received,2022-11-21 15:18:26
849,2023-08-10 14:11:40,1195,,,1,Order Received,2023-08-10 14:46:57
850,2022-05-01 06:53:58,1377,,,1,Order Received,2022-05-01 07:53:06
851,2024-08-05 16:26:34,1619,,,1,Order Received,2024-08-05 19:36:24
852,2022-03-01 23:25:15,1853,,,1,Order Received,2022-03-02 00:17:00
853,2024-07-20 22:06:54,871,,,1,Order Received,2024-07-21 04:56:09
854,2022-10-31 06:29:59,1020,,,1,Order Received,2022-10-31 14:01:02
855,2022-08-10 09:33:49,1842,,,1,Order Received,2022-08-10 14:41:18
856,2024-11-04 16:18:52,102,9971.0,4.66,1,Order Received,2024-11-04 19:23:09
857,2024-05-28 21:00:22,518,,,1,Order Received,2024-05-29 08:59:21
858,2022-12-09 01:23:31,577,,,1,Order Received,2022-12-09 04:05:36
859,2022-12-07 18:29:45,911,,,1,Order Received,2022-12-07 20:03:14
860,2024-02-07 15:59:46,1806,,,1,Order Received,2024-02-08 03:40:56
861,2022-05-11 06:34:09,747,,,1,Order Received,2022-05-11 12:19:32
862,2023-08-26 17:57:12,1255,,,1,Order Received,2023-08-26 23:40:36
863,2024-12-17 07:05:33,1287,,,1,Order Received,2024-12-17 18:26:28
864,2023-03-23 10:17:05,1396,,,1,Order Received,2023-03-23 13:51:26
865,2023-05-18 00:40:57,1425,,,1,Order Received,2023-05-18 08:29:58
866,2023-12-04 05:30:19,1589,,,1,Order Received,2023-12-04 09:52:21
867,2023-12-22 15:33:48,49,2353.0,14.77,1,Order Received,2023-12-23 01:56:54
868,2022-12-30 19:15:31,947,,,1,Order Received,2022-12-30 22:04:59
869,2024-12-18 22:56:48,1189,,,1,Order Received,2024-12-19 05:54:48
870,2023-03-15 11:45:44,1699,,,1,Order Received,2023-03-15 14:07:22
871,2022-12-03 06:04:04,1779,,,1,Order Received,2022-12-03 08:58:15
872,2024-06-27 22:31:55,135,7709.0,3.92,1,Order Received,2024-06-28 05:57:55
873,2023-10-28 02:36:03,212,5340.0,18.33,1,Order Received,2023-10-28 07:03:32
874,2024-01-04 03:43:57,901,,,1,Order Received,2024-01-04 15:43:20
875,2024-07-24 12:36:58,1269,,,1,Order Received,2024-07-24 23:11:29
876,2024-06-02 03:13:00,1309,,,1,Order Received,2024-06-02 08:07:24
877,2022-09-14 08:40:32,1675,,,1,Order Received,2022-09-14 13:29:02
878,2024-05-14 04:59:18,165,3081.0,12.47,1,Order Received,2024-05-14 14:18:35
879,2023-06-19 05:48:16,964,,,1,Order Received,2023-06-19 13:59:12
880,2024-04-19 06:29:27,531,,,1,Order Received,2024-04-19 07:26:14
881,2024-04-24 12:11:23,645,,,1,Order Received,2024-04-24 16:22:34
882,2023-01-24 18:17:32,1167,,,1,Order Received,2023-01-25 00:23:05
883,2023-03-19 10:57:00,1598,,,1,Order Received,2023-03-19 16:51:12
884,2022-03-31 08:31:30,267,11103.0,0.8,1,Order Received,2022-03-31 19:45:52
885,2023-07-17 04:31:38,306,,,1,Order Received,2023-07-17 07:00:53
886,2023-11-10 22:23:53,798,,,1,Order Received,2023-11-11 01:07:04
887,2024-04-11 13:55:23,1027,,,1,Order Received,2024-04-11 20:03:31
888,2023-05-07 04:03:38,1316,,,1,Order Received,2023-05-07 14:34:48
889,2022-11-11 12:56:46,1483,,,1,Order Received,2022-11-11 23:08:12
890,2025-01-22 06:32:15,1519,,,1,Order Received,2025-01-22 13:55:56
891,2023-03-15 20:47:55,446,,,1,Order Received,2023-03-16 03:12:03
892,2025-02-03 13:26:31,1154,,,1,Order Received,2025-02-03 23:16:08
893,2023-10-11 09:18:46,107,10198.0,6.76,1,Order Received,2023-10-11 15:14:28
894,2023-09-12 21:04:07,1804,,,1,Order Received,2023-09-12 21:13:47
895,2025-01-28 17:35:30,1913,,,1,Order Received,2025-01-29 00:36:44
896,2025-01-03 13:43:49,104,10288.0,3.52,1,Order Received,2025-01-04 00:21:01
897,2023-04-11 19:39:05,377,,,1,Order Received,2023-04-12 03:41:22
898,2023-12-16 22:54:31,943,,,1,Order Received,2023-12-17 07:14:19
899,2022-07-13 07:30:20,1864,,,1,Order Received,2022-07-13 13:02:32
900,2022-03-26 21:31:58,21,4637.0,1.55,1,Order Received,2022-03-27 00:13:33
901,2023-06-14 18:40:32,177,690.0,15.13,1,Order Received,2023-06-15 03:31:52
902,2022-04-14 06:08:41,348,,,1,Order Received,2022-04-14 06:20:34
903,2025-02-09 09:46:32,700,,,1,Order Received,2025-02-09 20:12:01
904,2023-05-10 23:32:15,1007,,,1,Order Received,2023-05-11 03:03:58
905,2024-07-26 12:20:16,1268,,,1,Order Received,2024-07-26 22:42:28
906,2024-05-24 11:41:08,1284,,,1,Order Received,2024-05-24 16:56:59
907,2022-03-16 04:05:25,1973,,,1,Order Received,2022-03-16 11:18:04
908,2024-02-05 09:39:02,522,,,1,Order Received,2024-02-05 17:54:46
909,2022-10-24 15:39:12,647,,,1,Order Received,2022-10-24 23:19:55
910,2023-05-15 07:39:36,800,,,1,Order Received,2023-05-15 09:16:01
911,2024-06-22 17:45:57,833,,,1,Order Received,2024-06-23 02:45:52
912,2022-07-13 17:42:52,863,,,1,Order Received,2022-07-13 21:53:11
913,2023-08-07 21:47:15,948,,,1,Order Received,2023-08-08 03:39:06
914,2022-06-02 03:38:04,198,8769.0,17.68,1,Order Received,2022-06-02 08:26:21
915,2023-04-28 06:04:13,438,,,1,Order Received,2023-04-28 12:30:09
916,2024-02-24 23:43:55,932,,,1,Order Received,2024-02-25 05:28:42
917,2022-10-09 01:22:43,1077,,,1,Order Received,2022-10-09 10:48:50
918,2025-01-26 17:42:29,263,1004.0,7.93,1,Order Received,2025-01-26 23:38:46
919,2024-04-05 01:09:01,847,,,1,Order Received,2024-04-05 02:32:03
920,2024-02-01 19:35:09,54,3987.0,10.35,1,Order Received,2024-02-01 20:41:29
921,2025-02-09 14:52:57,108,5174.0,17.38,1,Order Received,2025-02-09 16:15:34
922,2025-02-15 23:35:58,229,6346.0,9.49,1,Order Received,2025-02-16 03:10:00
923,2022-03-30 15:33:06,494,,,1,Order Received,2022-03-30 17:15:28
924,2024-04-03 00:11:32,851,,,1,Order Received,2024-04-03 10:01:16
925,2022-06-15 20:47:27,862,,,1,Order Received,2022-06-16 04:49:03
926,2024-02-20 22:23:55,543,,,1,Order Received,2024-02-21 09:02:43
927,2024-05-11 11:33:43,836,,,1,Order Received,2024-05-11 16:42:56
928,2022-05-22 07:11:32,1096,,,1,Order Received,2022-05-22 13:01:13
929,2024-11-28 21:41:48,1113,,,1,Order Received,2024-11-28 23:22:35
930,2024-08-23 00:36:51,1576,,,1,Order Received,2024-08-23 03:31:45
931,2023-10-28 21:30:13,1818,,,1,Order Received,2023-10-29 07:02:22
932,2022-09-01 08:08:42,422,,,1,Order Received,2022-09-01 11:04:43
933,2023-01-17 22:19:42,1349,,,1,Order Received,2023-01-18 08:23:23
934,2022-09-06 04:02:04,1521,,,1,Order Received,2022-09-06 09:32:25
935,2024-04-19 08:48:20,66,4017.0,0.66,1,Order Received,2024-04-19 18:09:04
936,2022-05-17 00:06:04,256,6306.0,17.68,1,Order Received,2022-05-17 06:18:41
937,2022-03-08 07:46:18,310,,,1,Order Received,2022-03-08 10:47:13
938,2023-11-24 15:51:26,571,,,1,Order Received,2023-11-25 00:18:11
939,2022-03-22 04:26:45,1528,,,1,Order Received,2022-03-22 13:37:43
940,2022-11-23 02:51:41,133,8943.0,9.71,1,Order Received,2022-11-23 11:26:16
941,2023-10-19 03:27:18,1438,,,1,Order Received,2023-10-19 06:47:22
942,2022-11-30 04:59:59,4,8722.0,14.16,1,Order Received,2022-11-30 07:56:35
943,2024-12-18 05:00:08,612,,,1,Order Received,2024-12-18 09:42:55
944,2023-12-01 15:08:55,1469,,,1,Order Received,2023-12-01 17:53:04
945,2024-07-13 15:54:25,1637,,,1,Order Received,2024-07-14 03:26:47
946,2024-09-05 10:59:51,812,,,1,Order Received,2024-09-05 12:29:17
947,2024-12-06 06:53:33,800,,,1,Order Received,2024-12-06 15:43:35
948,2022-05-21 21:05:02,534,,,1,Order Received,2022-05-22 00:46:57
949,2022-09-28 15:39:54,1332,,,1,Order Received,2022-09-28 19:39:23
950,2022-06-01 00:59:06,1698,,,1,Order Received,2022-06-01 09:50:48
951,2024-12-26 10:50:10,1828,,,1,Order Received,2024-12-26 19:10:13
952,2022-11-02 18:07:17,50,10407.0,3.36,1,Order Received,2022-11-02 21:12:26
953,2024-10-28 19:53:15,451,,,1,Order Received,2024-10-28 22:18:50
954,2024-12-20 11:52:29,1316,,,1,Order Received,2024-12-20 14:44:57
955,2024-10-22 11:44:00,1714,,,1,Order Received,2024-10-22 18:49:36
956,2023-06-10 09:10:01,924,,,1,Order Received,2023-06-10 12:00:40
957,2022-11-11 09:40:28,1138,,,1,Order Received,2022-11-11 14:36:53
958,2024-03-17 18:25:01,1482,,,1,Order Received,2024-03-17 22:35:09
959,2025-01-15 11:57:16,565,,,1,Order Received,2025-01-15 17:58:41
960,2022-09-18 02:29:13,1974,,,1,Order Received,2022-09-18 08:05:53
961,2024-12-15 00:46:03,39,7082.0,5.51,1,Order Received,2024-12-15 10:45:12
962,2022-07-22 05:18:05,84,8260.0,15.36,1,Order Received,2022-07-22 14:23:49
963,2022-09-20 10:55:17,455,,,1,Order Received,2022-09-20 14:26:29
964,2023-06-23 04:53:58,1296,,,1,Order Received,2023-06-23 07:12:50
965,2024-05-05 07:54:02,1488,,,1,Order Received,2024-05-05 08:54:43
966,2025-01-18 23:07:07,1701,,,1,Order Received,2025-01-19 09:13:58
967,2024-09-10 21:15:04,131,1325.0,17.75,1,Order Received,2024-09-11 08:47:15
968,2023-07-19 16:48:39,405,,,1,Order Received,2023-07-19 20:09:02
969,2022-12-07 21:14:53,1822,,,1,Order Received,2022-12-08 03:20:15
970,2024-08-14 01:31:03,1999,,,1,Order Received,2024-08-14 09:56:46
971,2023-02-28 18:42:13,90,587.0,19.68,1,Order Received,2023-03-01 06:34:44
972,2022-04-14 18:49:01,293,,,1,Order Received,2022-04-15 04:54:24
973,2024-10-01 10:17:30,376,,,1,Order Received,2024-10-01 13:06:55
974,2022-07-11 15:17:43,1487,,,1,Order Received,2022-07-11 23:08:38
975,2024-01-03 19:05:16,952,,,1,Order Received,2024-01-04 01:51:38
976,2024-03-20 22:06:59,1633,,,1,Order Received,2024-03-21 08:26:04
977,2023-11-21 21:31:30,1853,,,1,Order Received,2023-11-22 04:47:50
978,2024-09-27 07:01:48,1912,,,1,Order Received,2024-09-27 12:26:11
979,2022-11-10 00:57:07,1493,,,1,Order Received,2022-11-10 06:10:04
980,2024-06-05 15:55:13,1506,,,1,Order Received,2024-06-06 01:46:51
981,2023-03-27 19:01:13,305,,,1,Order Received,2023-03-28 04:40:33
982,2022-05-27 15:12:30,1199,,,1,Order Received,2022-05-27 21:54:13
983,2023-04-26 10:52:49,1381,,,1,Order Received,2023-04-26 15:23:28
984,2024-03-11 10:57:19,272,4680.0,9.93,1,Order Received,2024-03-11 13:25:25
985,2023-08-15 03:19:50,533,,,1,Order Received,2023-08-15 14:08:21
986,2022-11-01 01:47:21,654,,,1,Order Received,2022-11-01 12:25:41
987,2025-01-18 17:07:27,669,,,1,Order Received,2025-01-19 01:53:35
988,2023-04-11 10:21:32,167,1370.0,2.19,1,Order Received,2023-04-11 22:17:11
989,2023-07-26 07:48:29,184,6872.0,14.36,1,Order Received,2023-07-26 17:08:23
990,2024-01-23 20:13:34,1481,,,1,Order Received,2024-01-24 07:06:05
991,2024-11-24 15:07:45,1854,,,1,Order Received,2024-11-24 17:30:38
992,2024-05-04 22:31:13,471,,,1,Order Received,2024-05-05 01:48:07
993,2024-03-13 16:49:38,1004,,,1,Order Received,2024-03-14 02:05:28
994,2023-07-03 10:08:16,1208,,,1,Order Received,2023-07-03 10:36:45
995,2023-07-22 06:16:39,406,,,1,Order Received,2023-07-22 16:51:35
996,2024-10-20 17:08:18,683,,,1,Order Received,2024-10-20 20:37:29
997,2024-02-06 18:14:01,55,7403.0,19.14,1,Order Received,2024-02-07 03:55:12
998,2023-06-21 13:17:46,162,6127.0,2.65,1,Order Received,2023-06-21 15:16:06
999,2023-10-28 05:37:45,218,8355.0,7.98,1,Order Received,2023-10-28 10:25:53
1000,2024-03-13 00:23:37,1092,,,1,Order Received,2024-03-13 06:29:18
